Italian,Pronunciation,French,Unnamed: 3,English
io,https://www.google.com/search?q=pronunciation+Italian+io,je,https://www.google.com/search?q=pronunciation+french+je,I
di,https://www.google.com/search?q=pronunciation+Italian+di,de,https://www.google.com/search?q=pronunciation+french+de,of
è,https://www.google.com/search?q=pronunciation+Italian+è,est,https://www.google.com/search?q=pronunciation+french+est,is
non,https://www.google.com/search?q=pronunciation+Italian+non,pas,https://www.google.com/search?q=pronunciation+french+pas,not
il,https://www.google.com/search?q=pronunciation+Italian+il,le,https://www.google.com/search?q=pronunciation+french+le,the
voi,https://www.google.com/search?q=pronunciation+Italian+voi,vous,https://www.google.com/search?q=pronunciation+french+vous,you
il,https://www.google.com/search?q=pronunciation+Italian+il,la,https://www.google.com/search?q=pronunciation+french+la,the
voi,https://www.google.com/search?q=pronunciation+Italian+voi,tu,https://www.google.com/search?q=pronunciation+french+tu,you
Quello,https://www.google.com/search?q=pronunciation+Italian+Quello,que,https://www.google.com/search?q=pronunciation+french+que,that
un,https://www.google.com/search?q=pronunciation+Italian+un,un,https://www.google.com/search?q=pronunciation+french+un,a
egli,https://www.google.com/search?q=pronunciation+Italian+egli,il,https://www.google.com/search?q=pronunciation+french+il,he
e,https://www.google.com/search?q=pronunciation+Italian+e,et,https://www.google.com/search?q=pronunciation+french+et,and
a,https://www.google.com/search?q=pronunciation+Italian+a,à,https://www.google.com/search?q=pronunciation+french+à,at
ha,https://www.google.com/search?q=pronunciation+Italian+ha,a,https://www.google.com/search?q=pronunciation+french+a,has
non,https://www.google.com/search?q=pronunciation+Italian+non,ne,https://www.google.com/search?q=pronunciation+french+ne,not
loro,https://www.google.com/search?q=pronunciation+Italian+loro,les,https://www.google.com/search?q=pronunciation+french+les,them
questo,https://www.google.com/search?q=pronunciation+Italian+questo,ce,https://www.google.com/search?q=pronunciation+french+ce,this
in,https://www.google.com/search?q=pronunciation+Italian+in,en,https://www.google.com/search?q=pronunciation+french+en,in
noi,https://www.google.com/search?q=pronunciation+Italian+noi,on,https://www.google.com/search?q=pronunciation+french+on,we
Quello,https://www.google.com/search?q=pronunciation+Italian+Quello,ça,https://www.google.com/search?q=pronunciation+french+ça,that
una,https://www.google.com/search?q=pronunciation+Italian+una,une,https://www.google.com/search?q=pronunciation+french+une,a
avere,https://www.google.com/search?q=pronunciation+Italian+avere,ai,https://www.google.com/search?q=pronunciation+french+ai,have
per,https://www.google.com/search?q=pronunciation+Italian+per,pour,https://www.google.com/search?q=pronunciation+french+pour,for
delle,https://www.google.com/search?q=pronunciation+Italian+delle,des,https://www.google.com/search?q=pronunciation+french+des,of the
me,https://www.google.com/search?q=pronunciation+Italian+me,moi,https://www.google.com/search?q=pronunciation+french+moi,me
chi,https://www.google.com/search?q=pronunciation+Italian+chi,qui,https://www.google.com/search?q=pronunciation+french+qui,who
noi,https://www.google.com/search?q=pronunciation+Italian+noi,nous,https://www.google.com/search?q=pronunciation+french+nous,we
Y,https://www.google.com/search?q=pronunciation+Italian+Y,y,https://www.google.com/search?q=pronunciation+french+y,Y
me,https://www.google.com/search?q=pronunciation+Italian+me,me,https://www.google.com/search?q=pronunciation+french+me,me
in,https://www.google.com/search?q=pronunciation+Italian+in,dans,https://www.google.com/search?q=pronunciation+french+dans,in
da,https://www.google.com/search?q=pronunciation+Italian+da,du,https://www.google.com/search?q=pronunciation+french+du,from
Buona,https://www.google.com/search?q=pronunciation+Italian+Buona,bien,https://www.google.com/search?q=pronunciation+french+bien,good
Lei,https://www.google.com/search?q=pronunciation+Italian+Lei,elle,https://www.google.com/search?q=pronunciation+french+elle,she
Se,https://www.google.com/search?q=pronunciation+Italian+Se,si,https://www.google.com/search?q=pronunciation+french+si,if
tutto,https://www.google.com/search?q=pronunciation+Italian+tutto,tout,https://www.google.com/search?q=pronunciation+french+tout,everything
Di più,https://www.google.com/search?q=pronunciation+Italian+Di più,plus,https://www.google.com/search?q=pronunciation+french+plus,more
sono,https://www.google.com/search?q=pronunciation+Italian+sono,suis,https://www.google.com/search?q=pronunciation+french+suis,am
voi,https://www.google.com/search?q=pronunciation+Italian+voi,te,https://www.google.com/search?q=pronunciation+french+te,you
a,https://www.google.com/search?q=pronunciation+Italian+a,au,https://www.google.com/search?q=pronunciation+french+au,to
insieme a,https://www.google.com/search?q=pronunciation+Italian+insieme a,avec,https://www.google.com/search?q=pronunciation+french+avec,with
andare,https://www.google.com/search?q=pronunciation+Italian+andare,va,https://www.google.com/search?q=pronunciation+french+va,go
sì,https://www.google.com/search?q=pronunciation+Italian+sì,oui,https://www.google.com/search?q=pronunciation+french+oui,yes
voi,https://www.google.com/search?q=pronunciation+Italian+voi,toi,https://www.google.com/search?q=pronunciation+french+toi,you
fare,https://www.google.com/search?q=pronunciation+Italian+fare,fait,https://www.google.com/search?q=pronunciation+french+fait,do
loro,https://www.google.com/search?q=pronunciation+Italian+loro,ils,https://www.google.com/search?q=pronunciation+french+ils,they
COME,https://www.google.com/search?q=pronunciation+Italian+COME,as,https://www.google.com/search?q=pronunciation+french+as,AS
essere,https://www.google.com/search?q=pronunciation+Italian+essere,être,https://www.google.com/search?q=pronunciation+french+être,be
DA FARE,https://www.google.com/search?q=pronunciation+Italian+DA FARE,faire,https://www.google.com/search?q=pronunciation+french+faire,TO DO
SE,https://www.google.com/search?q=pronunciation+Italian+SE,se,https://www.google.com/search?q=pronunciation+french+se,se
come,https://www.google.com/search?q=pronunciation+Italian+come,comme,https://www.google.com/search?q=pronunciation+french+comme,as
era,https://www.google.com/search?q=pronunciation+Italian+era,était,https://www.google.com/search?q=pronunciation+french+était,was
Su,https://www.google.com/search?q=pronunciation+Italian+Su,sur,https://www.google.com/search?q=pronunciation+french+sur,on
che cosa,https://www.google.com/search?q=pronunciation+Italian+che cosa,quoi,https://www.google.com/search?q=pronunciation+french+quoi,what
qua,https://www.google.com/search?q=pronunciation+Italian+qua,ici,https://www.google.com/search?q=pronunciation+french+ici,here
sapere,https://www.google.com/search?q=pronunciation+Italian+sapere,sais,https://www.google.com/search?q=pronunciation+french+sais,know
lui,https://www.google.com/search?q=pronunciation+Italian+lui,lui,https://www.google.com/search?q=pronunciation+french+lui,him
voglia,https://www.google.com/search?q=pronunciation+Italian+voglia,veux,https://www.google.com/search?q=pronunciation+french+veux,want
mia,https://www.google.com/search?q=pronunciation+Italian+mia,ma,https://www.google.com/search?q=pronunciation+french+ma,my
il,https://www.google.com/search?q=pronunciation+Italian+il,là,https://www.google.com/search?q=pronunciation+french+là,the
niente,https://www.google.com/search?q=pronunciation+Italian+niente,rien,https://www.google.com/search?q=pronunciation+french+rien,nothing
dice,https://www.google.com/search?q=pronunciation+Italian+dice,dit,https://www.google.com/search?q=pronunciation+french+dit,said
es,https://www.google.com/search?q=pronunciation+Italian+es,es,https://www.google.com/search?q=pronunciation+french+es,es
dove,https://www.google.com/search?q=pronunciation+Italian+dove,où,https://www.google.com/search?q=pronunciation+french+où,where
vostro,https://www.google.com/search?q=pronunciation+Italian+vostro,votre,https://www.google.com/search?q=pronunciation+french+votre,your
perché,https://www.google.com/search?q=pronunciation+Italian+perché,pourquoi,https://www.google.com/search?q=pronunciation+french+pourquoi,why
sono,https://www.google.com/search?q=pronunciation+Italian+sono,sont,https://www.google.com/search?q=pronunciation+french+sont,are
questa,https://www.google.com/search?q=pronunciation+Italian+questa,cette,https://www.google.com/search?q=pronunciation+french+cette,this
quando,https://www.google.com/search?q=pronunciation+Italian+quando,quand,https://www.google.com/search?q=pronunciation+french+quand,when
di,https://www.google.com/search?q=pronunciation+Italian+di,par,https://www.google.com/search?q=pronunciation+french+par,by
suo,https://www.google.com/search?q=pronunciation+Italian+suo,son,https://www.google.com/search?q=pronunciation+french+son,his
il tuo,https://www.google.com/search?q=pronunciation+Italian+il tuo,ton,https://www.google.com/search?q=pronunciation+french+ton,your
Potere,https://www.google.com/search?q=pronunciation+Italian+Potere,peux,https://www.google.com/search?q=pronunciation+french+peux,can
andare,https://www.google.com/search?q=pronunciation+Italian+andare,vais,https://www.google.com/search?q=pronunciation+french+vais,go
dire,https://www.google.com/search?q=pronunciation+Italian+dire,dire,https://www.google.com/search?q=pronunciation+french+dire,say
allora,https://www.google.com/search?q=pronunciation+Italian+allora,alors,https://www.google.com/search?q=pronunciation+french+alors,then
Come? 'O' cosa,https://www.google.com/search?q=pronunciation+Italian+Come? 'O' cosa,comment,https://www.google.com/search?q=pronunciation+french+comment,How? 'Or' What
avete,https://www.google.com/search?q=pronunciation+Italian+avete,avez,https://www.google.com/search?q=pronunciation+french+avez,have
Bene,https://www.google.com/search?q=pronunciation+Italian+Bene,bon,https://www.google.com/search?q=pronunciation+french+bon,Well
Dove,https://www.google.com/search?q=pronunciation+Italian+Dove,ou,https://www.google.com/search?q=pronunciation+french+ou,Where
molto,https://www.google.com/search?q=pronunciation+Italian+molto,très,https://www.google.com/search?q=pronunciation+french+très,very
grazie,https://www.google.com/search?q=pronunciation+Italian+grazie,merci,https://www.google.com/search?q=pronunciation+french+merci,thank you
avere,https://www.google.com/search?q=pronunciation+Italian+avere,ont,https://www.google.com/search?q=pronunciation+french+ont,have
stesso,https://www.google.com/search?q=pronunciation+Italian+stesso,même,https://www.google.com/search?q=pronunciation+french+même,same
mai,https://www.google.com/search?q=pronunciation+Italian+mai,jamais,https://www.google.com/search?q=pronunciation+french+jamais,never
"anche, pure","https://www.google.com/search?q=pronunciation+Italian+anche, pure",aussi,https://www.google.com/search?q=pronunciation+french+aussi,too
vedere,https://www.google.com/search?q=pronunciation+Italian+vedere,voir,https://www.google.com/search?q=pronunciation+french+voir,see
cosa,https://www.google.com/search?q=pronunciation+Italian+cosa,chose,https://www.google.com/search?q=pronunciation+french+chose,thing
Dai,https://www.google.com/search?q=pronunciation+Italian+Dai,allez,https://www.google.com/search?q=pronunciation+french+allez,come on
tutti,https://www.google.com/search?q=pronunciation+Italian+tutti,tous,https://www.google.com/search?q=pronunciation+french+tous,all
di loro,https://www.google.com/search?q=pronunciation+Italian+di loro,deux,https://www.google.com/search?q=pronunciation+french+deux,of them
queste,https://www.google.com/search?q=pronunciation+Italian+queste,ces,https://www.google.com/search?q=pronunciation+french+ces,these
dovrebbe,https://www.google.com/search?q=pronunciation+Italian+dovrebbe,faut,https://www.google.com/search?q=pronunciation+french+faut,should
suo,https://www.google.com/search?q=pronunciation+Italian+suo,sa,https://www.google.com/search?q=pronunciation+french+sa,her
sono,https://www.google.com/search?q=pronunciation+Italian+sono,êtes,https://www.google.com/search?q=pronunciation+french+êtes,are
estate,https://www.google.com/search?q=pronunciation+Italian+estate,été,https://www.google.com/search?q=pronunciation+french+été,summer
tuo,https://www.google.com/search?q=pronunciation+Italian+tuo,ta,https://www.google.com/search?q=pronunciation+french+ta,your
